﻿{
    "ts":  "2025-10-06T09:26:48",
    "projectRoot":  "C:\\Users\\Admin\\Desktop\\SUB Estimator",
    "zip":  {
                "path":  "C:\\Users\\Admin\\Desktop\\SUB Estimator\\dist\\SUB_Estimator_program.zip",
                "exists":  true,
                "sha":  "ABA7F5D40BA09A69F5939519FE08766D51AF3F8C6BB523D7629E0CE035C5456C"
            },
    "dist_version_json":  {
                              "path":  "C:\\Users\\Admin\\Desktop\\SUB Estimator\\dist\\version.json",
                              "exists":  true,
                              "version":  "1.2.0",
                              "url":  "file:///C:/Users/Admin/Desktop/SUB Estimator/dist/SUB_Estimator_program.zip",
                              "sha":  "ABA7F5D40BA09A69F5939519FE08766D51AF3F8C6BB523D7629E0CE035C5456C"
                          },
    "root_version_json":  {
                              "path":  "C:\\Users\\Admin\\Desktop\\SUB Estimator\\version.json",
                              "exists":  true
                          },
    "sha_matches":  true,
    "libs":  [
                 {
                     "path":  "C:\\Users\\Admin\\Desktop\\SUB Estimator\\lib\\html2canvas.min.js",
                     "exists":  true
                 },
                 {
                     "path":  "C:\\Users\\Admin\\Desktop\\SUB Estimator\\lib\\jspdf.umd.min.js",
                     "exists":  true
                 }
             ],
    "scripts":  {
                    "install.ps1":  true,
                    "install-updater-task.ps1":  true,
                    "updater.ps1":  true
                },
    "checks_passed":  true,
    "report":  "C:\\Users\\Admin\\Desktop\\SUB Estimator\\finalize_report.txt"
}
